year,type,n
1917,Movie,16
1918,Movie,7
1924,Movie,3
1925,Movie,6
1926,Movie,6
1927,Movie,4
1928,Movie,8
1929,Movie,7
1930,Movie,6
1931,Movie,22
1932,Movie,12
1933,Movie,16
1934,Movie,12
1935,Movie,16
1936,Movie,10
1937,Movie,2
1938,Movie,3
1939,Movie,4
1940,Movie,4
1941,Movie,5
1942,Movie,5
1943,Movie,4
1944,Movie,1
1945,Movie,1
1946,Movie,3
1947,Movie,3
1948,Movie,5
1949,Movie,4
1950,Movie,3
1951,Movie,2
1952,Movie,3
1953,Movie,2
1954,Movie,5
1955,Movie,2
1956,Movie,7
1957,Movie,5
1958,Movie,4
1958,Special,2
1959,Movie,9
1960,Movie,8
1960,Special,1
1961,Movie,11
1961,Music,3
1961,TV,1
1962,Movie,12
1962,Music,1
1962,TV,1
1963,Movie,12
1963,Music,1
1963,TV,6
1964,Movie,11
1964,Music,3
1964,OVA,1
1964,Special,2
1964,TV,3
1965,Movie,10
1965,Music,2
1965,Special,2
1965,TV,13
1966,Movie,9
1966,Music,6
1966,Special,3
1966,TV,11
1967,Movie,14
1967,Music,3
1967,Special,2
1967,TV,14
1968,Movie,15
1968,Music,3
1968,Special,2
1968,TV,13
1969,Movie,12
1969,Music,1
1969,OVA,1
1969,Special,2
1969,TV,16
1970,Movie,20
1970,Music,6
1970,OVA,1
1970,Special,1
1970,TV,16
1971,Movie,24
1971,Music,3
1971,TV,15
1972,Movie,14
1972,Music,4
1972,Special,1
1972,TV,15
1973,Movie,7
1973,Music,5
1973,TV,15
1974,Movie,12
1974,Music,3
1974,OVA,2
1974,Special,1
1974,TV,22
1975,Movie,18
1975,Music,4
1975,OVA,1
1975,TV,21
1976,Movie,15
1976,Music,7
1976,OVA,1
1976,TV,25
1977,Movie,15
1977,Music,3
1977,TV,30
1978,Movie,21
1978,Music,6
1978,OVA,2
1978,Special,4
1978,TV,22
1979,Movie,30
1979,Music,5
1979,OVA,1
1979,Special,16
1979,TV,26
1980,Movie,30
1980,Music,6
1980,OVA,2
1980,Special,16
1980,TV,28
1981,Movie,38
1981,Music,4
1981,OVA,2
1981,Special,18
1981,TV,30
1982,Movie,45
1982,Music,3
1982,OVA,1
1982,Special,16
1982,TV,28
1983,Movie,35
1983,Music,9
1983,OVA,7
1983,Special,9
1983,TV,37
1984,Movie,36
1984,Music,13
1984,OVA,6
1984,Special,7
1984,TV,37
1985,Movie,42
1985,Music,10
1985,OVA,30
1985,Special,6
1985,TV,20
1986,Movie,41
1986,Music,8
1986,OVA,45
1986,Special,10
1986,TV,29
1987,Movie,35
1987,Music,10
1987,OVA,60
1987,Special,12
1987,TV,31
1988,Movie,32
1988,Music,10
1988,OVA,53
1988,Special,16
1988,TV,40
1989,Movie,36
1989,Music,8
1989,OVA,86
1989,Special,9
1989,TV,39
1990,Movie,42
1990,Music,5
1990,OVA,90
1990,Special,17
1990,TV,27
1991,Movie,29
1991,Music,4
1991,OVA,100
1991,Special,7
1991,TV,37
1992,Movie,40
1992,Music,6
1992,OVA,96
1992,Special,12
1992,TV,44
1993,Movie,33
1993,Music,6
1993,OVA,115
1993,Special,8
1993,TV,22
1994,Movie,39
1994,Music,6
1994,OVA,80
1994,Special,5
1994,TV,36
1995,Movie,34
1995,Music,7
1995,OVA,60
1995,Special,15
1995,TV,43
1996,Movie,37
1996,Music,5
1996,OVA,67
1996,Special,8
1996,TV,37
1997,Movie,38
1997,Music,5
1997,OVA,60
1997,Special,18
1997,TV,49
1998,Movie,27
1998,Music,8
1998,ONA,1
1998,OVA,62
1998,Special,20
1998,TV,76
1999,Movie,39
1999,Music,10
1999,ONA,1
1999,OVA,45
1999,Special,21
1999,TV,88
2000,Movie,35
2000,Music,6
2000,ONA,4
2000,OVA,66
2000,Special,26
2000,TV,57
2001,Movie,37
2001,Music,10
2001,ONA,7
2001,OVA,77
2001,Special,44
2001,TV,87
2002,Movie,54
2002,Music,16
2002,ONA,6
2002,OVA,62
2002,Special,33
2002,TV,84
2003,Movie,41
2003,Music,17
2003,ONA,9
2003,OVA,59
2003,Special,53
2003,TV,96
2004,Movie,44
2004,Music,16
2004,ONA,10
2004,OVA,75
2004,Special,37
2004,TV,126
2005,Movie,70
2005,Music,20
2005,ONA,20
2005,OVA,65
2005,Special,60
2005,TV,122
2006,Movie,51
2006,Music,16
2006,ONA,20
2006,OVA,66
2006,Special,80
2006,TV,187
2007,Movie,67
2007,Music,18
2007,ONA,14
2007,OVA,56
2007,Special,80
2007,TV,150
2008,Movie,50
2008,Music,31
2008,ONA,24
2008,OVA,57
2008,Special,97
2008,TV,160
2009,Movie,76
2009,Music,37
2009,ONA,40
2009,OVA,66
2009,Special,108
2009,TV,156
2010,Movie,78
2010,Music,42
2010,ONA,40
2010,OVA,83
2010,Special,105
2010,TV,127
2011,Movie,96
2011,Music,60
2011,ONA,67
2011,OVA,73
2011,Special,108
2011,TV,168
2012,Movie,88
2012,Music,71
2012,ONA,92
2012,OVA,90
2012,Special,131
2012,TV,183
2013,Movie,92
2013,Music,65
2013,ONA,104
2013,OVA,63
2013,Special,119
2013,TV,201
2014,Movie,91
2014,Music,67
2014,ONA,139
2014,OVA,76
2014,Special,152
2014,TV,232
2015,Movie,102
2015,Music,58
2015,ONA,120
2015,OVA,55
2015,Special,124
2015,TV,235
2016,Movie,113
2016,Music,75
2016,ONA,162
2016,OVA,49
2016,Special,135
2016,TV,268
2017,Movie,111
2017,Music,84
2017,ONA,214
2017,OVA,40
2017,Special,106
2017,TV,256
2018,Movie,91
2018,Music,79
2018,ONA,216
2018,OVA,32
2018,Special,95
2018,TV,254
