animeID,name,title_english,type,year,source,score,scored_by,popularity,members
589,Ginga Nagareboshi Gin,NA,TV,1986,Manga,8.12,7030,3292,15507
2076,Kindaichi Shounen no Jikenbo,NA,TV,1997,Manga,8.11,2876,3425,14269
2004,Hanada Shounen-shi,NA,TV,2002,Manga,8.11,2616,4157,8929
9204,Omae Umasou da na,You Are Umasou,Movie,2010,Picture book,8.08,4076,3973,9992
33899,IDOLiSH7,IDOLiSH7,TV,2018,Game,8.06,4788,3037,18254
3907,Ginga Sengoku Gunyuuden Rai,Galaxy Warring State Chronicle Rai,TV,1994,Manga,8.06,2956,4316,8209
9996,Hyouge Mono,NA,TV,2011,Manga,8.04,2098,3194,16392
2762,Igano Kabamaru,NA,TV,1983,Manga,8.03,2816,4602,6958
2829,Ie Naki Ko Remy,Sans Famille,TV,1996,Novel,8.02,4793,3866,10577
2618,Takarajima,NA,TV,1978,Novel,8.02,3442,4057,9496
