studio,n,median_score,q1,q3,n_ge_8,iqr,share_ge_8,iqr_rank
Bones,115,7.46,6.949999999999999,7.9,27,0.9500000000000011,0.23478260869565218,7
Kyoto Animation,110,7.43,6.6725,7.887499999999999,23,1.214999999999999,0.20909090909090908,18
A-1 Pictures,190,7.305,6.6975,7.73,28,1.0325000000000006,0.14736842105263157,10
Shaft,125,7.25,6.65,7.86,21,1.21,0.168,16
Studio Deen,264,7.195,6.5275,7.625,22,1.0975000000000001,0.08333333333333333,12
Production I.G,297,7.16,6.46,7.71,40,1.25,0.13468013468013468,19
Madhouse,340,7.03,6.465,7.612499999999999,54,1.147499999999999,0.1588235294117647,13
Gonzo,123,7.01,6.395,7.325,3,0.9300000000000006,0.024390243902439025,6
J.C.Staff,322,7.01,6.2475,7.4174999999999995,24,1.17,0.07453416149068323,14
Sunrise,457,7,6.43,7.46,31,1.0300000000000002,0.06783369803063458,9
TMS Entertainment,275,6.99,6.275,7.53,28,1.255,0.10181818181818182,20
Xebec,146,6.985,6.5725,7.37,3,0.7975000000000003,0.02054794520547945,2
Studio Pierrot,251,6.87,6.265,7.475,15,1.21,0.05976095617529881,16
AIC,111,6.82,6.295,7.22,1,0.9249999999999998,0.009009009009009009,5
Toei Animation,737,6.68,6.16,7.23,21,1.0700000000000003,0.028493894165535955,11
Nippon Animation,206,6.67,6.31,7.12,7,0.8100000000000005,0.03398058252427184,3
OLM,209,6.64,6.36,7.06,1,0.6999999999999993,0.004784688995215311,1
Shin-Ei Animation,156,6.63,6.08,7.25,1,1.17,0.00641025641025641,14
Tatsunoko Production,158,6.525,6.1425,7.005000000000001,6,0.8625000000000007,0.0379746835443038,4
DLE,153,5.4,4.96,5.94,1,0.9800000000000004,0.006535947712418301,8
